F_CU_AGE,106,102,25,74,108,40,44,44,48,58,27,64,56,54,70,27,162,98,255,158,104,204,142,162,21,34,52,38,89,126,86,86,22,263,27,104,34,61,141,66,262,103,72,165,38,193,33,70,166,349,54,33,413,52,223,178,409,31,20,233,116,256,165,470,488,78,298,125,662,121,751,329,675,490,468,739,392,555,728,278,664,783,654,676,666,932937,82,576,102,41,28744,46,21,53,30,7334,52,44,5694,32,976,3255,50,9,1530,40,16,1588,41,20,1588,116,714,27,13998,27,2047,80,35,32134,24,29,6782,41,36,21,52,1039,55922,18,26,94,50917,164,36593,32,172,215212,137,42,227,52331,43,78,252232,33,32,34,113,106658,37,35,6078,27,49493,28,26,31,20292,21,66,46,13,24007,47,238,32,31,9372,50,36,23,32546,191,148,66,30526,0,47,1001,46,165,42,26,30479,22,193,98,27299,28,26,84,40,22,94,78,38,48903,123,82,90,23,23295,90,40,94,156,81721,218,88,120,31610,114,78,28,31,108417,77,51,151,35711,141,238,68,95999,53,97,21,50,144,42,57,147238,71,26,32,108937,105,26,118,33,32,81,21594,145,58,66,120,31,16,51012,31,25,215,15097,11,25,27,26,114,70,22431,29,28,94,9,20149,8,106,27214,28,72,47,225,40,18706,43,62,47,23248,15,24,142,28,27,21,46,49,29126,19,31,100,30,23369,127,109,31,21,32617,32,215,29,37,40,29086,15,32,40,108,38177,39,162,40074,55,10,126,38041,27,290,38,24,291,128,26,66,32488,27,36,116,23761,36,90,33,29,22515,15,182,50,27670,35,178,12,38,103,13855,27,52,77,13193,10,39,26,46,58,24045,56,54,31,20,163,11896,41,54,24989,8,21,78,30,30,34,12698,36,29,37,24026,44,60,46,31,12316,42,160,124,94,18276,55,42,29,52,16,14925,32,59,20513,19,61,30,30,16334,34,207,33,60,26,20876,27,47,12282,95,28,24,24777,34,48,24,25,10498,50,40,217,28,22987,44,138,34,9852,72,1219,68,13260,46,23,9259,31,106,68,62,7622,15,67,36,8283,32,0,10610,76,38,9066,72,8329,42,32,55,8633,39,73,108,44,9763,33,8776,27,28,38,9719,22,8636,27,37,96,7860,52,57,21,7781,76,20,7293,13,48,7556,127,34,7205,27,127,5619,55,18,26,6629,60,50,4091,44,11,5890,38,33,4431,29,31,39,7104,164,88,15,4527,71,98,44,6659,27,4852,25,88,19,84,6170,43,80,42,38,4573,36,55,5564,4222,4956,39,68,41,24,5400,17,25,15,17,4559,67,58,4349,35,4440,73,36,4560,11,102,3374,17,29,32,94,2939,26,29,3806,22,23,43,88,3030,44,2805,34,98,2775,18,2908,23,1831,3343,44,88,2764,40,81,3100,44,2317,71,62,2442,2813,78,2538,1891,44,32,2096,35,2376,31,2228,37,32,1246,16,1807,26,23,1706,18,1580,21,44,30,1652,43,1854,37,2094,1531,92,63,96,30,1224,40,172,1656,28,27,29,1560,30,23,1905,25,25,1527,1138,29,1149,39,33,90,1721,42,1021,31,37,2450,1695,1034,42,673,52,51,1733,37,794,1086,24,1115,45,1754,33,32,39,996,27,836,78,31,1093,40,1185,35,487,19,39,1358,40,782,45,1327,49,1039,35,621,35,843,497,626,32,903,16,44,632,11,1013,26,397,35,25,839,577,75,377,455,779,30,642,768,29,27,36,570,471,910,356,51,50,1367,597,479,33,563,729,847,21,33,869,577,40,33,32,259,28,586,38,520,49,427,23,315,571,11,373,479,38,236,55,238,201,16,359,243,437,347,544,28,241,380,268,23,431,344,285,272,367,34,276,417,459,537,171,821,214,220,254,197,378,39,688,138,42,221,235,32,319,23,175,29,22,291,244,68,307,220,107,282,169,42,126,87,322,102,57,27,50,219,186,202,26,238,29,219,409,74,288,25,32,411,118,616,389,32,226,199,56,363,22,490,211,23,198,86,141,39,80,92,176,95,32,161,105,124,59,141,23,206,148,95,137,297,22,175,23,23,84,78,23,129,151,85,84,13,94,43,200,60,65,41,26,216,196,24,26,96,92,228,28,175,108,33,164,76,61,211,170,229,100,60,62,44,65,115,256,154,232,218,72,189,105,24,75,77,27,89,137,94,207,74,43,49,48,120,49,96,28,153,46,244,112,22,75,92,157,9,39,44,24,21,49,56,54,36,66,145,39,114,29,63,47,35,28,41,169,39,33,88,43,30,108,138,42,15,36,0,84,31,163,34,51,46,84,84,35,107,43,70,61,22,38,109,69,33,31,26,64,50,32,41,51,30,36,82,32,73,27,138,92,26,45,28,28,86,16,63,46,25,124,90,27,43,34,118,51,40,34,58,176,28,48,34,123,29,36,30,119,31,76,28,23,35,31,26,25,29,31,33,72,39,48,27,22,30,20,30,48,43,30,36,44,46,30,30,21,55,44,39,17,29,48,26,27,26,33,55,49,19,36,56,19,46,46,49
F_CU_RACES,4,2,0,38,2,12,4,12,14,26,7,18,2,4,2,9,24,4,40,8,6,46,46,45,13,16,2,4,29,42,8,18,13,45,1,34,4,12,44,8,12,44,2,7,20,38,17,14,46,55,23,17,66,30,48,25,27,19,4,24,23,16,20,72,70,23,69,3,129,39,119,60,72,53,129,59,42,102,79,48,122,125,97,91,95,29355,6,73,7,0,888,0,0,5,0,386,36,5,276,8,97,251,0,0,102,0,35,161,1,6,164,0,22,3,745,0,112,2,0,897,0,2,309,0,0,2,4,63,1345,2,1,18,2711,2,817,5,18,9897,38,1,14,2462,1,5,10323,2,2,1,0,4998,0,2,324,4,2874,0,14,0,1032,2,2,0,0,706,0,16,1,1,532,0,4,5,827,5,4,2,1445,0,3,80,0,4,1,1,1362,1,12,12,1494,2,2,2,8,1,8,20,20,3298,12,2,10,3,1266,1,0,19,24,5276,8,8,13,1590,8,2,3,4,6492,4,9,10,3386,9,18,7,5745,1,6,9,4,12,0,11,13058,6,9,1,5928,9,2,4,3,1,2,1408,8,2,6,8,5,3,2669,1,2,9,944,0,2,2,2,53,4,1342,3,4,12,0,1294,0,6,1782,3,3,2,46,4,1439,0,6,0,1541,0,3,8,3,7,1,12,2,2740,4,0,14,2,1560,8,10,0,4,3039,0,6,4,1,3,1936,4,1,4,6,2898,1,20,3516,6,0,2,3435,4,12,1,4,18,4,7,22,3152,4,6,9,1809,3,2,2,2,1897,2,8,32,2226,3,10,0,2,12,939,3,2,3,1301,0,0,7,0,1,1819,1,4,4,2,17,1112,2,24,2128,1,2,23,2,2,3,1194,4,5,1,2286,0,28,10,2,1278,1,14,4,10,1745,6,0,5,6,4,1851,8,7,1826,1,14,38,7,1893,6,32,6,8,5,2328,7,2,1552,6,7,2,2889,7,8,3,6,1143,0,4,22,33,2074,2,24,7,1081,17,69,4,1058,2,14,1356,7,8,6,3,708,1,9,5,975,17,0,1041,25,6,1116,8,972,7,2,29,1208,9,12,23,0,1221,9,1169,9,6,2,1299,4,1192,11,1,9,881,2,2,3,1046,4,6,959,0,5,924,35,5,878,12,17,677,11,6,0,950,16,12,620,3,0,745,10,27,642,12,1,17,975,28,8,3,637,22,2,14,1024,11,723,5,2,3,24,885,1,16,4,4,660,2,2,823,695,728,0,27,4,4,974,10,18,6,5,558,5,12,677,4,675,18,3,577,1,48,539,6,13,4,4,400,8,13,502,3,3,0,10,536,4,429,8,6,533,19,472,8,336,508,2,28,502,0,24,644,16,412,23,10,547,536,13,414,407,13,2,437,3,422,9,318,1,5,224,11,355,3,10,332,8,256,11,0,28,376,2,420,15,426,217,4,46,4,11,203,6,32,350,9,16,11,372,6,20,483,7,5,226,202,9,269,17,12,10,229,18,177,3,0,402,371,243,16,105,36,2,330,16,230,310,41,237,3,291,11,31,6,231,5,139,4,1,211,18,306,11,159,7,2,316,7,312,2,297,3,284,36,124,0,279,200,276,25,177,10,6,90,1,271,15,96,5,6,220,100,18,74,61,205,16,198,106,11,15,18,155,198,169,71,3,50,178,180,155,19,172,169,139,14,0,232,129,7,15,24,20,27,89,10,177,3,118,5,101,116,0,120,67,7,8,0,146,44,16,131,78,99,54,165,29,90,129,132,31,61,88,135,93,110,17,57,125,99,103,31,200,72,14,91,111,67,46,76,73,15,125,129,0,65,26,43,17,12,77,81,28,41,121,99,40,18,16,8,3,42,50,3,0,8,146,42,44,34,20,25,17,67,75,69,6,22,39,56,102,42,19,25,76,47,71,19,65,137,41,41,41,70,41,24,4,39,0,28,24,21,35,61,53,74,26,124,70,10,26,63,41,35,37,38,7,29,12,74,89,6,1,5,61,90,4,44,1,36,52,17,16,34,9,6,64,28,18,3,3,11,5,86,68,20,34,2,51,14,3,90,10,45,10,44,17,55,14,20,47,43,22,2,29,28,6,14,2,6,0,26,36,0,73,39,60,1,80,13,52,115,28,43,5,45,3,24,66,42,18,48,3,6,8,2,14,21,4,2,2,2,8,44,8,2,6,9,34,28,15,0,4,2,6,22,2,89,3,7,9,21,6,2,15,10,8,27,64,4,28,5,0,0,7,11,7,8,6,3,46,4,20,23,43,73,41,6,51,0,80,46,176,58,106,2,78,7,4,3,43,3,39,2,149,58,14,104,2,6,59,133,2,153,90,136,85,6,104,114,100,87,352,85,97,125,2,14,2,0,112,3,4,110,122,190,8,95,81,36,4,127,1,3,3,46,194,86,142,258,109,212,157,3,4,268,313,168,0,370,233,312,639
F_CU_LAST_VISIT_MONTHS_AGO,42,6,0,24,52,52,52,6,4,52,9,52,52,2,52,9,66,38,186,156,16,88,74,70,20,14,30,12,64,35,50,76,10,149,26,26,26,24,99,52,152,31,48,85,14,102,26,56,55,215,52,26,175,26,152,86,317,1,1,110,52,116,75,165,177,33,242,39,408,39,307,210,378,177,283,374,229,338,338,146,375,371,350,287,393,322891,52,304,11,0,10907,0,0,14,0,2974,30,26,3068,23,517,1625,0,0,770,0,0,742,23,1,611,0,512,6,6099,0,787,52,0,13362,0,26,2368,0,0,5,10,137,19338,52,4,10,29094,52,11590,26,38,158487,60,23,57,14836,26,52,193844,26,26,26,0,28558,0,9,4059,26,28071,0,2,0,4312,8,10,0,0,9235,0,128,9,11,3247,0,4,5,8014,115,52,52,12297,0,26,171,0,18,0,26,9398,26,67,10,14090,18,0,52,11,9,30,18,22,22854,45,52,48,6,13893,26,0,56,32,52713,130,28,28,13800,23,52,26,4,74040,52,32,33,21080,34,64,31,53520,26,25,26,10,72,0,46,97823,32,7,26,56885,78,14,52,0,26,10,10354,52,52,39,66,19,26,14240,9,7,50,8294,0,5,12,5,67,22,9517,15,16,16,0,9375,0,34,13258,6,52,26,188,28,11037,0,10,0,10108,0,6,104,17,26,23,9,26,18586,17,0,44,8,10806,52,52,0,1,20656,0,156,0,3,26,12689,0,18,52,26,21831,17,56,21489,31,0,52,19261,23,167,26,0,43,14,4,47,15819,5,18,40,12913,26,52,21,26,9260,11,104,10,15107,9,104,0,8,33,5875,24,10,12,6738,0,0,21,0,26,9578,26,22,9,10,94,6501,5,22,13015,26,18,57,6,4,13,5814,4,6,26,13089,0,52,16,23,6741,26,39,46,2,9504,2,0,12,22,10,8557,20,11,11284,0,7,0,5,8644,26,112,26,4,11,11362,26,2,6686,63,16,0,14340,19,26,6,11,4469,0,19,78,0,12902,4,46,4,4919,25,27,22,6498,26,4,5134,19,27,52,11,3406,8,3,4,4694,3,0,3774,57,18,4907,52,3835,5,0,14,4336,5,26,33,0,5034,26,4880,2,6,26,4420,4,4470,26,26,8,3177,10,10,10,4057,22,10,3544,0,10,3672,14,12,2910,26,68,2561,14,10,0,3275,3,18,2210,11,0,2615,13,8,1967,3,5,12,3535,36,52,6,2179,23,52,12,3118,2,2190,4,52,11,52,2986,26,14,5,6,1960,6,5,2876,2413,2449,0,20,2,0,3030,1,2,6,10,2004,34,26,1986,18,2017,9,13,2562,26,11,1265,3,5,4,52,1501,4,20,1739,13,9,0,37,1204,11,1150,1,52,1202,5,1314,0,877,1418,26,51,1226,0,48,1214,20,1104,12,14,1096,1338,46,1037,883,6,6,1055,7,1155,14,1110,26,10,543,9,655,6,11,778,10,558,3,0,2,720,7,741,3,875,622,52,37,18,6,589,12,68,791,5,23,26,760,5,4,866,26,13,648,592,5,527,18,13,40,898,10,388,5,0,1236,644,362,48,254,38,5,707,11,381,560,3,581,26,790,9,26,14,435,7,414,14,3,533,6,539,6,194,7,21,715,18,357,26,463,5,524,7,208,0,395,202,232,1,424,9,4,184,26,567,3,237,7,13,434,139,7,131,267,381,6,261,360,3,11,13,232,159,436,166,18,10,763,330,143,26,111,359,208,6,0,362,305,18,9,1,47,2,157,2,235,23,137,2,134,273,0,208,140,17,70,0,110,53,17,169,108,175,136,236,2,70,221,146,4,60,120,129,78,210,12,89,168,240,263,51,381,108,103,120,64,131,5,131,98,15,125,67,0,127,3,48,21,6,125,128,0,168,87,56,119,34,23,38,52,117,34,26,0,18,98,109,55,5,28,1,86,176,8,73,0,26,273,38,351,117,6,113,33,21,160,3,105,73,4,112,52,80,26,31,22,42,0,7,40,71,38,27,101,3,100,104,14,32,146,4,87,7,1,32,24,6,59,59,15,52,26,17,7,80,8,8,26,19,60,60,11,10,66,16,64,17,122,64,22,65,67,27,65,53,150,52,25,30,23,17,22,131,104,72,153,23,105,68,10,47,42,4,33,2,52,15,18,7,0,52,85,0,55,10,112,26,78,55,17,12,22,91,26,17,23,2,4,1,12,35,4,52,52,9,73,26,8,7,25,0,9,87,12,5,52,20,6,36,90,0,6,26,52,52,1,73,11,21,2,33,52,25,59,26,26,13,16,52,30,10,0,0,5,52,2,26,9,8,6,13,6,4,32,1,6,52,10,0,0,2,48,1,1,1,4,43,52,5,4,1,58,0,1,20,45,52,5,8,20,20,1,6,6,9,3,52,2,3,0,26,2,4,2,26,2,52,7,0,1,16,12,2,6,3,7,26,2,1,52,26,47,15,15,1,5,3,2,3,26,2,26,24,26,0,3,2,0,3,3,3,0
F_CU_FIRST_VISIT_MONTHS_AGO,114,6,26,106,56,118,112,84,70,118,34,108,116,30,118,34,190,108,371,244,28,320,322,290,60,78,30,12,225,228,104,177,43,342,31,220,46,75,275,141,264,151,48,172,118,237,59,144,336,539,118,59,540,116,425,210,586,15,13,355,191,388,141,471,498,161,580,128,987,191,1150,552,815,615,750,1002,523,991,822,451,1036,1293,905,992,931,883607,92,714,100,59,38794,36,1,97,2,6527,106,29,7380,60,1133,3603,43,29,1938,40,50,2038,60,13,2096,30,814,46,14832,44,2628,128,59,40613,59,50,6265,15,10,5,10,199,69175,116,4,62,60997,176,42134,47,57,271341,244,59,57,24441,58,120,315941,28,28,40,108,47740,40,9,9734,44,55974,36,60,57,10620,8,20,43,14,29265,24,280,9,14,8216,30,4,8,36556,311,124,86,25010,45,40,312,60,125,43,45,30443,56,139,42,31001,55,0,94,51,9,186,60,70,51328,111,120,152,46,30872,116,7,183,202,100320,209,114,169,31334,63,120,36,19,142627,101,81,178,47647,140,64,31,110359,26,78,58,48,139,35,82,164714,91,59,51,108506,147,52,62,60,51,64,26454,114,94,115,173,41,59,30366,9,7,173,20173,45,47,12,5,226,96,26938,58,58,136,14,22278,48,80,32396,46,107,34,387,28,25354,5,80,47,28335,6,46,202,53,40,59,26,48,41716,55,59,204,8,28115,135,158,36,4,49187,27,326,44,10,27,36167,58,59,94,100,52227,53,220,51134,70,38,86,47229,42,346,59,0,66,14,4,85,40693,5,90,72,31579,42,102,57,59,28973,24,208,36,34566,9,234,14,8,166,17694,33,49,44,18673,41,3,28,59,48,24599,48,118,41,10,264,16832,8,114,33227,58,54,134,46,7,28,15673,30,47,55,32410,47,106,94,47,16813,44,177,120,98,25790,98,15,55,102,45,21151,112,51,28414,52,60,59,48,23727,28,320,52,14,34,30609,55,25,18922,122,58,30,33124,54,118,55,51,13259,57,54,215,47,28499,6,234,58,13261,143,27,96,16754,29,57,12639,59,76,120,59,10447,45,101,30,12075,49,7,11645,159,55,12778,116,12100,56,15,92,12269,59,79,79,50,13582,44,12885,46,27,51,14200,40,12152,59,55,82,10455,49,17,43,11610,72,25,10328,34,51,10488,204,28,8530,50,136,7729,99,57,43,9903,90,90,6700,13,39,8132,37,46,5834,49,28,60,9408,247,116,7,6203,107,98,12,9188,46,6704,59,118,32,118,9093,56,102,7,58,6070,9,5,7877,6635,6949,8,94,43,5,7957,11,56,55,49,6174,96,98,5770,58,6285,102,59,5986,49,147,4223,31,41,53,118,3927,56,55,4634,24,60,15,105,4305,13,3724,29,98,3901,43,3714,0,2770,4333,37,177,3882,35,154,4349,116,3244,115,58,3684,4053,118,3197,2912,55,52,3259,43,3505,58,3107,50,57,1479,59,2660,46,53,2286,57,1923,59,57,33,2281,55,2697,28,2775,2007,98,144,116,37,1670,57,224,2435,59,58,48,2255,29,57,2546,36,56,1877,1581,54,1644,28,40,110,2273,114,1288,28,48,2992,2291,1253,116,872,108,5,2231,34,1218,1523,55,1702,47,2317,55,58,58,1353,42,1137,116,41,1240,54,1634,30,700,32,57,1865,34,1221,35,1817,55,1609,60,843,9,1229,912,964,43,1146,57,38,773,52,1557,56,659,43,60,1169,670,85,616,580,1183,37,877,1010,30,55,31,994,704,1018,417,58,36,1463,918,730,40,727,936,703,58,34,1189,945,34,55,28,291,38,574,28,734,59,519,18,383,828,24,683,633,55,263,42,413,300,30,566,404,578,428,697,38,344,452,412,57,328,476,488,373,586,50,383,562,568,620,191,1006,316,284,340,243,367,60,380,323,59,374,302,40,407,38,137,45,29,455,322,11,376,303,196,349,178,59,139,111,302,94,60,44,105,333,259,162,60,104,58,243,425,68,362,39,57,493,138,614,297,35,297,159,102,315,59,196,368,57,278,93,193,51,111,118,179,98,57,142,171,137,116,235,55,270,218,105,119,415,33,167,53,58,67,111,54,126,201,80,66,53,112,53,269,8,95,29,35,116,226,59,54,76,88,245,54,216,171,58,130,109,95,131,289,313,114,113,47,34,98,174,271,144,295,199,95,159,266,42,158,106,32,88,168,116,15,58,57,48,70,166,47,175,54,266,51,364,127,53,115,118,224,59,68,34,59,28,36,92,82,4,116,101,51,116,58,8,57,25,0,58,201,50,5,106,56,59,117,134,58,6,56,64,100,1,169,47,59,46,114,88,25,126,59,118,77,53,118,89,10,39,59,46,86,55,100,59,8,59,13,118,54,115,40,145,118,54,6,26,43,118,29,89,1,57,65,116,46,59,36,147,0,24,42,110,160,5,8,42,157,1,58,59,166,56,84,43,55,59,59,60,60,43,59,2,112,7,42,40,16,47,53,59,59,59,59,54,14,66,59,57,15,15,14,60,24,43,59,59,57,59,24,60,57,60,54,60,60,60,60,57
F_CU_CREATED_YEAR,4022,4032,2014,4024,4028,4022,4022,4026,4026,4022,2013,4024,4022,4030,4022,2013,8048,4024,22147,12076,8062,12068,12068,12071,2011,4026,4030,4032,8046,10059,8054,6033,2012,18116,2013,8046,2012,4025,10057,6037,16106,6036,4028,10066,4022,12076,2011,6035,12068,28178,4022,2011,30195,4022,18107,12078,28177,2015,2015,14083,10064,16096,10069,30202,36247,6034,24143,8054,46283,8048,48287,24145,42269,30192,32193,48300,26166,46288,46297,18106,48295,50291,38228,40237,44276,64700083,4024,36229,6040,2011,1881743,2013,2016,4024,2016,539749,4023,2014,388490,2011,58367,229528,2012,2014,92576,2013,2012,104656,2011,2015,94576,6045,40258,2012,952337,2012,142913,6037,2011,2055007,2011,2012,479285,2015,2015,2016,4032,60474,3487985,4022,2016,4026,3460398,8049,2165697,2012,10076,14299092,10059,2011,14105,3812234,2011,4022,16569896,2014,2014,2013,6039,7719474,2013,2015,418519,2012,3130424,2013,2011,2011,1396220,2015,4030,2012,2015,1483386,2014,16107,2015,2015,573877,2014,4032,2015,1859754,12070,8054,4024,1895011,2012,2013,70545,2011,10069,2012,2012,1995335,2011,16116,6045,1725160,2011,2016,4024,2012,2015,8048,4028,4026,3233440,8055,4022,6036,2012,1448937,4022,2015,10064,10063,5295812,10063,8056,8049,2057758,8059,4022,2013,4031,7201400,4023,6041,8050,2280092,8052,20154,6045,6597346,2014,6041,2011,2012,8053,2013,4025,9118917,4025,2011,2012,7196339,6035,2012,6043,2011,2012,4027,1384814,8055,4024,4022,6033,2013,2011,3594111,2015,2015,12081,941817,2012,2012,2015,2016,8044,4024,1380770,2011,2011,8054,4030,1270255,2012,4026,1698841,2012,4023,2013,16095,4030,1177245,2016,4026,2012,1481439,2016,2012,8048,2012,2013,2011,4030,2012,1939963,2011,2011,8048,2015,1479413,6037,6035,2013,2016,2163108,2014,14085,2012,4031,2014,1801313,2011,2011,4024,4024,2459192,2012,8044,2471432,4026,2013,4024,2562442,2013,14083,2011,2016,16125,4030,2016,4025,2103342,2016,4024,6042,1517456,2013,4024,2011,2011,1412819,2014,8046,2013,1787350,2015,8044,2015,2015,6034,831132,2013,2012,4029,796795,2013,2016,2014,2011,2012,1528096,2012,4022,2013,2015,10059,752571,2015,4022,1495121,2011,2012,6038,2012,2015,2014,770819,2014,2012,2011,1515365,2012,4024,4024,2012,778787,2012,10065,4022,4024,1181243,4023,2015,2011,4024,2012,951811,4022,4028,1289885,2012,4027,2011,2012,1032216,2014,12069,2012,4030,2013,1374370,2011,2014,814911,6038,2011,2014,1583837,2012,4022,2011,2012,670221,2011,2012,10062,2012,1406819,2016,8044,2011,599662,6035,54432,4024,855408,2014,2011,629964,2011,6041,4022,2011,482964,2012,4023,2014,517103,2012,2015,698593,6034,2011,565417,4022,517090,2011,2015,4025,551360,2011,4025,8057,2012,599648,2012,579543,2012,2014,2012,619744,2013,551373,2011,2011,6041,472886,2012,4030,2012,482862,4026,2014,474908,2013,2012,472885,8047,2014,418613,2012,6037,354172,4024,2011,2012,434633,4024,4024,295795,2015,2013,368248,2013,2012,269655,2012,2014,4027,432663,10061,4022,2015,279706,4023,4024,4032,428632,2012,283690,2011,4022,2013,4022,394387,2011,4024,2015,2011,269641,2015,2016,346099,265554,334069,2015,4025,2012,2016,362215,2015,2011,2011,2012,279714,4024,4024,265633,2011,271636,4023,2011,287793,2012,6035,205280,2013,2013,2012,4022,179094,2011,2011,235484,2014,2011,2015,4024,189151,2015,167012,2014,4024,173049,2012,171057,2016,114679,203255,2013,6033,171041,2013,6036,193174,4022,150936,4022,4028,162988,169002,4022,140854,124750,2011,2012,138828,2012,144854,2011,136828,2012,2011,64389,2011,114690,2012,2012,108677,2011,92574,2011,2011,2013,96577,2011,122749,2014,126778,92571,4024,6035,4022,2013,72435,2011,8046,106647,2011,2011,2012,98598,2014,2011,110666,2013,2011,84514,72446,2012,72441,2014,2013,4022,100613,4022,66421,2014,2012,142889,100609,64407,4022,42262,4024,2016,112712,2013,54330,68417,2011,70420,2012,102623,2011,2011,2011,58346,2013,52321,4022,2013,64407,2012,74458,2014,32196,2013,2011,90566,2013,52314,2013,72422,2011,64378,2011,40247,2015,56346,38231,36207,2012,50304,2011,2013,38241,2012,66399,2011,26155,2012,2011,50305,30187,4025,26156,26161,48284,2013,34199,46283,2014,2011,2013,40238,32197,52332,24159,2011,2013,76489,40245,36226,2013,36227,38227,54375,2011,2013,48282,38227,2013,2011,2014,12073,2013,28175,2014,36229,2011,24150,2015,20127,38237,2014,26153,26155,2011,10058,2013,16094,14086,2014,24147,18112,24144,18108,32198,2013,16100,22139,16093,2011,22150,20120,20121,18113,24144,2012,14079,24145,26161,36237,8048,46284,12068,10056,16099,10060,20129,2011,38271,12068,2011,18112,12071,2013,18110,2013,10069,2012,2014,20121,14085,4032,16095,12070,8048,14083,8050,2011,6036,4022,16102,6041,2011,2012,4024,16102,14090,10067,2011,12088,2011,10060,20125,4027,16097,2013,2011,26169,6037,34222,20134,2013,12072,12082,4024,20132,2011,28208,14082,2011,12075,4025,10065,2012,4023,4022,10066,4024,2011,8052,6034,6036,4022,10060,2011,12073,8046,4024,6038,16093,2013,10065,2012,2011,4027,4023,2012,6038,8047,6042,4026,2012,4023,2012,12074,4032,4024,2014,2013,12088,8045,2011,2012,6041,4024,12074,2012,10061,6033,2011,10069,6039,6041,12086,10056,14087,4022,4022,4028,2013,4024,6033,12075,8052,12071,12080,4025,10066,10057,2013,6035,4024,2013,6040,6034,4022,14112,4028,2011,2012,4026,8050,2012,6033,2012,12075,2012,14082,6037,2012,4022,4022,10061,2011,4026,2013,2011,2014,2013,4024,4025,2016,4022,6040,2012,6039,2011,4032,2011,2014,2016,2011,10063,2012,2016,4024,2011,2011,6038,8054,2011,2016,2011,4026,4024,2016,10065,2012,4027,2012,4022,4024,2014,6037,2011,4022,4026,2012,4022,6040,4032,2013,2011,2012,4024,2011,4024,2011,2015,2011,2015,4022,2012,4022,2013,6036,4022,2012,2016,2014,2012,4022,2014,4025,2016,2011,6043,4022,2012,2011,2013,6035,2016,2014,2013,4022,8050,2016,2015,2013,6035,2016,2011,2011,6035,2011,4026,2012,2011,2011,2011,2011,2011,2012,2011,2016,4022,2015,2013,2013,2015,2012,2012,2011,2011,2011,2011,2012,2015,4026,2011,2011,2015,2015,2015,2011,2014,2012,2011,2011,2011,2011,2014,2011,2011,2011,2012,2011,2011,2011,2011,2011
F_CU_CREATED_WEEKDAY,12,6,4,4,12,8,14,2,14,14,6,12,10,14,2,6,22,14,48,40,26,18,18,30,3,4,8,6,16,26,18,11,6,45,2,28,6,7,17,20,34,18,4,19,12,16,7,17,22,70,6,7,95,14,35,22,66,6,2,23,25,44,20,57,92,8,50,19,117,19,117,52,78,84,48,126,54,88,107,45,111,103,98,88,105,147198,12,75,8,5,4225,4,2,10,3,1265,11,7,806,6,123,540,6,7,188,6,2,244,7,2,188,9,62,2,2037,2,324,4,5,4087,5,6,898,1,6,7,10,149,8209,4,1,14,7029,16,6093,2,20,26433,28,1,13,5790,6,10,49192,3,3,3,15,21602,1,1,1112,5,6873,2,5,7,3042,7,14,5,5,3173,1,30,1,6,1153,1,2,5,4784,23,16,14,4145,4,3,170,6,22,3,6,4221,6,25,13,3918,6,1,12,3,1,22,14,10,7512,15,14,15,2,3605,10,4,28,15,9997,16,18,18,4433,23,12,4,12,14222,7,16,15,5434,18,32,17,16112,3,6,6,6,17,6,8,22903,11,3,6,19796,8,7,9,5,6,13,3447,13,12,7,15,4,5,9904,3,7,23,2211,6,1,2,4,16,4,2893,7,4,10,4,3020,1,6,3843,2,12,1,48,8,2616,4,10,4,3345,7,7,18,7,3,1,14,6,3968,6,6,24,7,3424,8,20,5,4,4690,5,29,3,9,5,4531,6,6,10,12,5467,7,12,5686,12,6,14,6391,4,34,4,2,48,8,5,12,4962,7,12,19,4013,6,2,7,6,3333,5,16,6,4655,3,26,7,7,18,1884,7,6,9,1788,7,1,6,7,6,3809,1,8,5,2,21,1682,6,4,3447,6,3,18,6,6,1,1755,7,3,7,3171,4,4,6,3,1795,1,25,14,4,2609,9,4,6,12,6,2226,10,8,2776,3,4,1,5,2334,1,24,5,4,7,3513,2,3,1887,17,1,7,3731,1,12,5,4,1661,7,1,27,5,3505,1,16,7,1369,18,81,2,2204,3,4,1401,6,9,10,2,1121,7,6,4,1112,6,6,1729,20,6,1362,12,1226,6,3,9,1277,4,4,16,2,1331,7,1316,1,2,5,1402,5,1334,5,7,15,1083,6,9,7,1164,2,6,1070,2,7,1089,17,1,964,5,18,844,10,4,2,1067,12,8,735,5,6,854,2,6,600,6,4,6,1015,27,10,2,654,7,12,12,994,1,703,3,4,6,2,965,6,10,1,6,654,5,7,781,649,780,5,10,2,4,886,5,6,1,6,710,6,10,596,4,684,9,1,640,3,19,464,1,4,1,4,494,7,3,601,4,7,5,6,422,5,370,7,12,387,6,380,5,242,471,4,12,414,6,19,440,12,381,11,8,436,402,12,336,293,6,6,320,2,361,7,332,1,4,173,5,257,7,6,270,4,201,4,7,2,199,5,293,7,253,231,6,18,14,7,155,2,16,241,6,6,6,203,6,4,252,5,5,169,178,4,171,3,6,12,229,12,161,4,6,302,230,147,12,95,6,2,254,1,116,166,3,158,3,262,1,6,1,140,3,118,12,6,138,3,172,2,55,6,7,207,7,118,1,166,6,162,5,105,4,139,93,94,4,111,6,6,113,1,158,1,62,2,7,110,67,5,60,63,92,7,71,105,6,5,7,105,98,136,48,5,6,198,82,93,3,81,80,153,5,7,100,80,7,1,7,34,4,56,6,92,5,42,5,45,85,2,67,58,2,9,3,31,28,7,61,47,58,40,69,4,49,50,36,4,59,61,49,51,43,6,28,54,71,97,20,119,27,17,42,22,36,5,104,28,6,36,21,6,50,3,21,4,4,39,33,11,32,24,20,38,25,3,8,9,43,16,1,4,9,33,27,20,6,36,6,26,52,12,43,5,7,73,12,88,57,5,31,26,8,50,1,74,29,4,39,13,32,7,13,4,29,8,4,14,4,8,6,10,2,16,14,9,13,39,6,28,7,5,7,13,5,15,25,16,6,5,9,6,18,11,13,7,1,37,19,7,2,16,12,36,2,27,20,3,24,18,18,37,24,35,12,10,6,7,5,17,25,20,37,34,9,30,29,5,10,7,3,9,19,14,41,14,7,7,10,24,1,17,2,32,2,30,14,4,14,10,30,4,10,7,7,7,6,10,11,2,14,18,3,11,2,13,1,6,6,6,16,5,6,14,1,4,18,22,5,7,6,2,6,6,29,7,8,6,11,10,6,15,6,12,12,4,8,18,12,2,5,6,2,1,12,2,3,4,1,6,2,9,6,12,10,2,6,5,7,12,4,6,6,5,18,2,6,2,5,20,6,1,1,12,18,6,5,1,18,6,7,6,17,6,8,6,2,7,2,5,5,7,2,5,10,1,7,6,7,1,6,6,1,3,5,7,6,8,5,3,1,5,6,5,3,7,1,5,7,5,5,6,7,5,7,5,5,5,5,7
F_CU_DAYS_RACED,4,2,0,26,2,12,4,10,14,22,7,14,2,4,2,8,16,4,38,8,6,36,42,39,8,14,2,2,21,38,6,17,10,40,1,30,4,11,33,8,12,37,2,7,20,30,14,13,36,50,15,14,60,28,47,15,19,11,4,14,17,15,17,62,62,18,64,3,105,35,83,48,60,47,109,50,35,75,71,43,98,110,78,75,78,20849,2,56,4,0,677,0,0,5,0,298,31,2,207,6,68,192,0,0,78,0,33,140,1,5,117,0,22,2,523,0,96,2,0,771,0,2,248,0,0,1,2,33,1173,2,1,8,2201,2,676,2,10,8623,26,1,7,2115,1,4,9653,1,1,1,0,4188,0,1,277,2,1514,0,12,0,597,1,2,0,0,585,0,15,1,1,352,0,2,3,596,5,4,2,943,0,1,41,0,3,1,1,924,1,12,7,1104,2,1,2,6,1,8,10,10,2160,7,2,5,2,1092,1,0,18,14,3812,5,4,8,1319,4,2,1,1,5589,3,7,7,1790,6,10,3,4880,1,4,9,2,8,0,7,5459,4,8,1,4277,3,2,2,3,1,1,985,6,2,4,8,4,1,2076,1,1,5,738,0,1,1,1,42,2,825,3,3,12,0,968,0,6,1247,2,2,1,27,2,1086,0,6,0,1147,0,2,4,2,4,1,7,1,1937,4,0,8,1,1167,4,8,0,2,2296,0,6,3,1,2,1292,3,1,4,4,2282,1,8,1905,4,0,2,2428,2,7,1,1,9,2,1,11,1962,2,6,6,1450,2,2,2,1,1243,2,8,17,1554,1,8,0,1,6,678,3,2,2,878,0,0,5,0,1,1215,1,4,3,1,14,801,2,20,1378,1,1,21,1,2,2,828,2,4,1,1546,0,19,6,2,806,1,13,4,8,1210,3,0,3,4,3,1084,6,4,1378,1,11,33,4,1162,4,23,4,4,2,1486,6,2,988,4,4,2,1541,2,6,2,4,719,0,2,18,26,1125,1,24,4,654,15,27,4,762,1,5,821,3,6,4,2,498,1,4,2,678,11,0,660,21,2,757,4,641,4,1,21,862,5,8,14,0,739,6,825,6,3,1,828,4,747,6,1,5,589,2,1,2,630,4,3,598,0,3,616,26,3,514,9,15,435,6,4,0,591,13,6,400,2,0,488,4,19,414,10,1,7,613,21,8,2,392,14,2,2,624,7,457,3,2,2,20,525,1,12,2,3,399,2,1,502,377,414,0,19,2,4,519,5,13,4,2,379,4,6,394,4,423,10,2,308,1,34,325,3,8,3,2,286,4,8,314,2,3,0,7,323,3,256,4,2,314,12,302,2,209,298,1,18,328,0,21,344,12,242,16,4,356,347,10,253,234,6,1,285,2,263,5,202,1,4,136,9,184,2,4,200,5,151,9,0,16,212,2,271,9,227,137,2,36,4,7,111,3,26,190,7,12,6,209,3,8,239,3,3,106,98,6,146,8,4,6,138,18,98,2,0,228,224,140,8,66,20,1,199,13,121,162,27,131,2,163,8,22,3,130,3,81,4,1,112,8,149,6,86,3,2,187,5,164,2,157,2,159,34,73,0,164,116,157,13,98,6,3,51,1,148,6,68,3,4,112,52,12,43,29,106,9,122,56,6,7,11,87,113,95,37,2,21,81,101,86,4,97,89,68,7,0,142,66,5,10,14,11,18,45,6,90,3,56,3,59,71,0,54,28,4,8,0,73,29,10,76,39,53,36,97,19,51,61,65,13,27,42,71,53,52,8,29,63,45,41,15,101,39,12,50,83,36,25,40,30,9,54,85,0,37,15,28,8,6,41,43,14,21,55,52,26,9,4,6,3,27,23,3,0,4,74,19,18,18,16,14,9,38,35,34,4,13,14,25,52,25,14,15,40,27,37,7,32,63,17,24,16,35,15,15,4,13,0,17,10,15,13,42,27,48,10,51,40,7,12,23,26,20,17,15,3,13,5,34,51,2,1,2,24,44,2,18,1,13,18,12,12,10,3,6,29,6,7,3,2,6,3,32,24,14,16,2,39,4,2,44,6,27,4,24,6,33,5,10,25,18,11,2,15,20,4,7,2,3,0,4,20,0,38,8,23,1,36,7,28,77,11,21,1,20,2,15,26,15,6,37,1,2,4,1,4,18,2,2,1,1,5,23,4,1,4,5,21,23,5,0,2,1,2,10,1,49,1,3,6,16,2,1,7,10,4,13,29,2,23,2,0,0,2,4,4,4,5,1,23,1,16,12,23,29,22,2,11,0,38,17,67,21,57,1,34,5,2,2,21,1,16,1,64,21,5,65,1,2,22,55,1,87,48,62,31,2,42,51,81,50,210,73,30,67,1,4,1,0,31,1,2,43,51,90,6,21,45,20,2,23,1,1,2,25,123,38,32,106,21,75,24,1,4,160,52,52,0,60,39,51,175
F_CU_CREATED_WEEK,22,496,148,58,280,6,32,152,218,6,111,48,14,390,2,111,214,52,1242,504,914,164,162,288,0,184,388,468,60,306,584,11,75,850,125,84,62,192,105,172,930,129,314,551,10,519,4,156,103,1301,4,4,1545,18,492,646,1100,193,201,266,464,394,687,1848,2508,83,599,480,1682,210,1239,719,1909,1223,892,1880,1108,1658,2403,376,1726,867,1003,886,1673,4507373,116,1571,345,2,74248,102,257,95,250,41243,59,135,18070,0,2629,13972,74,135,3508,84,40,4672,0,201,3134,645,1642,59,58423,68,7026,219,2,88926,2,43,34606,196,215,240,478,6932,149843,18,242,248,181404,270,96312,55,1048,666379,237,1,1566,385349,9,0,765098,136,136,86,311,787838,86,220,11681,68,161410,101,0,13,134043,225,430,75,197,64395,156,859,220,198,38356,128,506,224,81092,210,502,150,135749,63,86,7752,0,756,72,65,125272,16,1467,599,87912,20,258,108,36,219,236,260,216,194165,557,2,123,59,52821,17,231,503,423,247470,387,540,308,129191,765,2,102,436,309728,79,430,258,87229,434,2318,646,371566,147,440,6,53,429,108,163,461673,127,4,37,456745,139,35,511,0,37,241,63769,547,108,20,25,83,2,331603,220,230,807,33949,66,57,208,238,62,98,61232,8,8,446,458,67080,49,170,78537,59,56,110,392,398,41752,239,168,58,68113,234,59,154,31,85,2,405,52,69111,19,4,160,225,68781,195,88,104,243,65340,143,411,67,478,143,75428,6,4,110,82,90417,29,84,96779,215,96,150,125319,76,316,3,258,1791,462,243,147,94529,238,128,468,58621,78,74,13,2,56474,157,138,104,80420,219,22,200,225,58,30388,115,47,328,21724,81,246,138,2,50,90255,49,6,81,214,155,24058,226,20,48454,9,23,198,58,229,138,31394,129,53,19,54652,55,62,108,54,27470,67,526,2,92,40406,92,197,20,80,63,30973,36,297,43093,32,261,2,50,30135,139,167,35,462,113,44335,19,151,22939,249,8,130,60588,23,10,21,40,28890,14,23,371,57,57779,232,22,9,19781,161,6831,100,37589,135,12,26440,2,445,0,2,16922,63,81,131,14278,45,230,39522,89,21,17448,18,14240,16,192,121,17859,5,174,699,40,18319,68,18812,59,142,39,18329,84,18413,2,19,424,15583,47,446,75,11846,206,152,16406,110,37,15430,157,138,16949,43,186,12148,86,12,71,13070,125,132,9078,202,92,12194,99,62,9433,48,137,258,14947,227,20,231,9163,53,94,464,15404,59,7522,1,4,119,8,11410,16,80,228,9,8441,219,239,10484,5456,12940,226,109,72,237,12203,214,18,20,48,9345,99,98,9199,8,7734,74,5,11114,47,139,8142,127,84,29,6,6064,17,20,10270,154,0,193,65,5749,202,5376,134,98,5385,73,5934,258,2737,7404,100,9,5236,106,110,6045,18,5394,20,266,5043,4219,8,4306,3441,21,34,3773,73,3479,8,4178,43,13,1881,4,3259,59,31,4082,12,3602,3,11,117,2551,23,4138,136,4303,3243,96,152,12,99,2074,12,66,3190,5,6,52,2933,133,12,3216,103,15,2771,2470,24,2203,138,86,40,3123,28,2980,137,53,5431,3025,2880,14,1662,46,239,4850,114,1716,2214,22,1698,54,3169,20,6,9,1646,75,1822,12,80,2933,23,2499,129,1118,119,13,3580,110,1436,108,1451,19,1322,0,1540,222,1930,963,477,72,1521,13,95,1574,35,1797,15,512,73,0,1408,983,150,700,852,1089,99,603,1585,128,21,125,871,1107,2336,1309,10,104,3503,1211,1504,84,1519,868,3959,6,114,1082,816,110,20,137,298,96,1145,139,1489,3,858,184,944,1336,154,415,626,19,160,77,282,509,128,652,583,606,469,1131,96,585,895,289,12,1435,526,467,718,563,41,149,669,907,1988,213,1605,185,59,604,248,1007,0,3272,158,3,717,244,85,562,95,699,64,134,612,425,474,446,242,191,306,264,3,179,38,763,374,0,68,62,638,687,594,1,1104,6,242,754,222,507,92,12,1227,180,1743,1306,110,264,868,77,1227,5,2785,217,12,350,118,457,39,37,4,519,94,14,421,32,190,16,279,22,387,90,62,257,269,115,575,29,6,228,35,27,232,163,432,230,28,32,29,392,483,109,133,109,1055,51,5,26,453,138,495,26,362,33,7,732,302,367,994,41,464,28,28,314,110,92,24,379,410,273,697,108,614,146,77,92,56,120,396,47,16,1754,270,11,52,218,318,54,19,26,406,36,233,227,29,19,8,329,3,223,110,5,139,105,124,165,242,18,344,36,281,6,486,12,153,258,9,420,44,238,62,18,5,273,457,8,232,16,240,84,257,560,54,265,59,25,142,153,230,5,6,185,29,10,392,477,92,3,62,150,22,84,2,224,5,201,2,23,18,88,147,4,26,234,145,72,8,133,134,256,12,494,12,58,4,103,139,259,157,77,46,339,238,225,77,99,257,8,5,61,15,160,71,22,4,1,0,0,72,1,250,30,229,78,88,191,55,31,5,4,5,5,25,200,236,5,10,196,194,200,0,157,72,4,2,13,2,156,0,12,0,25,0,0,0,0,12
F_CU_DISTANCE,0,0,0,0,0,0,0,0,0,0,0,0,0,0,0,0,0,0,0,0,0,0,0,0,0,0,0,0,0,0,0,0,0,0,0,0,0,0,0,0,0,0,0,0,0,0,0,0,0,0,0,0,0,0,0,0,0,0,0,0,0,0,0,0,0,0,0,0,0,0,0,0,0,0,0,0,0,0,0,0,0,0,0,0,0,0,0,0,0,0,0,0,0,0,0,0,0,0,0,0,0,0,0,0,0,0,0,0,0,0,0,0,0,0,0,0,0,0,0,0,0,0,0,0,0,0,0,0,0,0,0,0,0,0,0,0,0,0,0,0,0,0,0,0,0,0,0,0,0,0,0,0,0,0,0,0,0,0,0,0,0,0,0,0,0,0,0,0,0,0,0,0,0,0,0,0,0,0,0,0,0,0,0,0,0,0,0,0,0,0,0,0,0,0,0,0,0,0,0,0,0,0,0,0,0,0,0,0,0,0,0,0,0,0,0,0,0,0,0,0,0,0,0,0,0,0,0,0,0,0,0,0,0,0,0,0,0,0,0,0,0,0,0,0,0,0,0,0,0,0,0,0,0,0,0,0,0,0,0,0,0,0,0,0,0,0,0,0,0,0,0,0,0,0,0,0,0,0,0,0,0,0,0,0,0,0,0,0,0,0,0,0,0,0,0,0,0,0,0,0,0,0,0,0,0,0,0,0,0,0,0,0,0,0,0,0,0,0,0,0,0,0,0,0,0,0,0,0,0,0,0,0,0,0,0,0,0,0,0,0,0,0,0,0,0,0,0,0,0,0,0,0,0,0,0,0,0,0,0,0,0,0,0,0,0,0,0,0,0,0,0,0,0,0,0,0,0,0,0,0,0,0,0,0,0,0,0,0,0,0,0,0,0,0,0,0,0,0,0,0,0,0,0,0,0,0,0,0,0,0,0,0,0,0,0,0,0,0,0,0,0,0,0,0,0,0,0,0,0,0,0,0,0,0,0,0,0,0,0,0,0,0,0,0,0,0,0,0,0,0,0,0,0,0,0,0,0,0,0,0,0,0,0,0,0,0,0,0,0,0,0,0,0,0,0,0,0,0,0,0,0,0,0,0,0,0,0,0,0,0,0,0,0,0,0,0,0,0,0,0,0,0,0,0,0,0,0,0,0,0,0,0,0,0,0,0,0,0,0,0,0,0,0,0,0,0,0,0,0,0,0,0,0,0,0,0,0,0,0,0,0,0,0,0,0,0,0,0,0,0,0,0,0,0,0,0,0,0,0,0,0,0,0,0,0,0,0,0,0,0,0,0,0,0,0,0,0,0,0,0,0,0,0,0,0,0,0,0,0,0,0,0,0,0,0,0,0,0,0,0,0,0,0,0,0,0,0,0,0,0,0,0,0,0,0,0,0,0,0,0,0,0,0,0,0,0,0,0,0,0,0,0,0,0,0,0,0,0,0,0,0,0,0,0,0,0,0,0,0,0,0,0,0,0,0,0,0,0,0,0,0,0,0,0,0,0,0,0,0,0,0,0,0,0,0,0,0,0,0,0,0,0,0,0,0,0,0,0,0,0,0,0,0,0,0,0,0,0,0,0,0,0,0,0,0,0,0,0,0,0,0,0,0,0,0,0,0,0,0,0,0,0,0,0,0,0,0,0,0,0,0,0,0,0,0,0,0,0,0,0,0,0,0,0,0,0,0,0,0,0,0,0,0,0,0,0,0,0,0,0,0,0,0,0,0,0,0,0,0,0,0,0,0,0,0,0,0,0,0,0,0,0,0,0,0,0,0,0,0,0,0,0,0,0,0,0,0,0,0,0,0,0,0,0,0,0,0,0,0,0,0,0,0,0,0,0,0,0,0,0,0,0,0,0,0,0,0,0,0,0,0,0,0,0,0,0,0,0,0,0,0,0,0,0,0,0,0,0,0,0,0,0,0,0,0,0,0,0,0,0,0,0,0,0,0,0,0,0,0,0,0,0,0,0,0,0,0,0,0,0,0,0,0,0,0,0,0,0,0,0,0,0,0,0,0,0,0,0,0,0,0,0,0,0,0,0,0,0,0,0,0,0,0,0,0,0,0,0,0,0,0,0,0,0,0,0,0,0,0,0,0,0,0,0,0,0,0,0,0,0,0,0,0,0,0,0,0,0,0,0,0,0,0,0,0,0,0,0,0,0,0,0,0,0,0,0,0,0,0,0,0,0,0,0,0,0,0,0,0,0,0,0,0,0,0,0,0,0,0,0,0,0,0,0,0,0,0,0,0,0,0,0,0,0,0,0,0,0,0,0,0,0,0,0,0,0,0,0,0,0,0,0,0,0,0,0,0,0,0,0,0,0,0,0,0,0,0,0,0,0,0,0,0,0,0,0,0,0,0,0,0,0,0,0,0,0,0,0,0,0
F_CU_FRIENDS_COUNT,6,4,3,4,8,4,4,8,8,12,2,4,0,2,6,2,40,12,21,6,6,40,12,11,1,8,2,2,10,11,6,11,3,17,1,6,1,1,14,4,12,4,4,20,12,5,2,5,20,35,2,2,18,14,25,12,21,2,1,12,12,22,8,30,24,7,14,5,27,35,51,27,39,29,37,70,26,38,55,24,50,37,49,46,54,54793,0,49,7,0,906,0,0,0,0,630,24,1,313,3,102,303,0,1,59,0,2,106,1,1,113,0,0,4,1260,0,98,18,0,917,0,1,218,0,0,3,0,4,1513,2,0,0,2148,4,797,3,4,4871,2,1,0,878,1,0,4297,0,0,0,5,2453,0,0,175,0,1341,0,44,0,380,3,6,4,0,869,0,5,0,0,348,0,0,1,789,0,2,2,715,0,0,65,0,10,0,0,976,0,8,4,776,2,0,16,1,1,0,0,0,1909,11,2,4,4,560,15,0,9,0,2910,16,4,5,962,19,0,0,1,4487,0,9,18,1428,0,10,3,3184,1,1,2,0,9,0,2,3066,1,3,1,3512,0,3,0,0,1,1,675,2,2,2,5,1,0,2304,1,0,5,441,0,4,1,1,24,10,960,1,1,4,0,692,7,0,1005,3,0,0,22,4,713,0,0,0,838,0,17,6,3,3,1,1,1,1327,1,0,8,5,898,2,13,0,3,1470,0,6,0,1,1,1275,1,1,0,4,1751,0,4,1431,4,2,12,1642,0,48,3,5,24,4,10,5,1775,2,4,5,1028,0,22,0,1,866,0,2,10,1725,1,24,0,1,17,739,3,1,4,736,1,0,0,8,0,1411,2,12,2,1,5,619,1,2,1341,2,2,7,6,1,1,570,3,1,2,1213,0,8,0,1,648,1,0,4,18,900,2,0,3,2,6,862,2,18,1235,6,3,4,0,933,1,9,0,2,1,1409,3,3,801,0,2,0,1584,5,2,3,2,521,4,1,18,1,1130,1,4,3,654,5,0,10,897,2,3,753,3,0,2,2,526,0,4,2,487,0,1,856,0,2,618,16,597,1,0,6,540,2,16,13,0,606,2,619,2,4,1,643,0,585,1,2,3,477,1,3,5,530,2,2,620,0,8,489,10,1,483,4,4,355,2,1,0,450,17,4,393,0,2,381,8,9,274,1,0,11,466,36,0,1,312,2,6,4,531,2,323,4,0,10,4,480,0,4,1,3,355,2,7,428,502,440,0,2,2,0,440,2,2,3,3,307,3,0,302,1,317,3,1,321,10,25,221,2,1,1,2,179,2,1,297,4,10,0,12,324,0,197,3,0,276,0,164,7,194,331,0,9,272,0,7,257,4,211,8,4,222,243,6,185,192,2,9,162,0,136,2,196,1,3,69,4,179,17,0,178,1,158,4,0,2,127,3,282,1,197,150,0,7,2,1,84,2,8,199,1,3,3,140,3,3,160,4,3,91,117,6,119,0,2,2,134,8,86,0,0,220,139,99,4,46,8,0,155,2,94,150,14,133,1,164,1,2,0,124,11,97,18,2,89,2,128,4,48,10,0,172,3,135,0,133,1,96,1,51,0,147,78,78,4,88,3,2,47,1,83,0,39,0,0,68,59,9,36,30,80,1,55,116,1,3,4,87,55,88,54,0,10,129,50,91,2,76,40,138,4,0,98,70,3,1,4,15,4,46,1,66,2,32,4,48,83,0,73,58,6,8,0,55,26,2,46,53,43,30,83,4,26,53,28,3,48,30,52,52,73,3,32,44,50,82,15,106,31,10,57,32,39,16,77,34,9,42,19,1,37,3,36,6,5,50,23,4,32,31,58,28,13,2,8,2,17,6,0,0,15,29,36,32,9,52,7,14,28,9,36,1,5,64,24,88,50,3,49,36,11,34,2,85,58,3,32,3,38,1,6,12,23,0,9,4,6,4,42,27,18,31,16,4,4,42,20,28,5,7,23,0,5,20,12,31,14,0,5,6,40,15,15,0,5,40,18,7,9,15,0,19,3,20,4,9,20,7,11,32,48,38,4,16,11,8,13,28,23,46,39,48,16,42,31,5,26,15,1,11,5,0,56,0,13,1,4,8,0,46,3,39,0,49,22,13,55,18,34,9,5,8,7,16,8,16,16,6,24,20,2,26,2,18,4,11,10,3,25,11,10,0,7,10,34,39,0,10,15,14,56,10,79,9,17,3,13,16,11,32,2,22,18,13,24,32,28,0,0,7,34,17,16,1,8,10,12,2,15,24,26,9,18,9,0,21,6,30,28,7,13,10,11,0,12,7,11,2,14,25,5,34,59,16,11,5,24,14,24,34,36,9,22,35,18,11,16,44,10,30,16,18,22,19,0,26,20,14,20,34,49,17,20,39,0,62,20,0,19,0,0,16,18,30,49,14,51,14,26,8,89,22,39,0,22,15,15,89
